peptide	allele	wt	mm_ic50	mm_wt_ic50	mm_agretopicity	mm_dai	mm_amplitude
ASSFLKSFY	HLA-A*01:01	APSFLKSFY	323.4	4283	0.07551	1.122	6.127
ATLFSDSWYY	HLA-A*01:01	ATPFSDSWYY	93.96	142.5	0.6593	0.1809	1.46
CSDSGKSFINY	HLA-A*01:01	CSDSGKSFINH	23.71	826.8	0.02868	1.542	28.48
CVDWLIAVY	HLA-A*01:01	CVDWSIAVY	59.89	43.52	1.376	-0.1387	0.7182
DTDSRFISY	HLA-A*01:01	DTDSRFIPY	22.26	11.34	1.964	-0.2931	0.5077
ELTQGYIYFY	HLA-A*01:01	ELTQGYIYFH	2148	5e+04	0.04296	1.367	1.599
ESEPYTFSY	HLA-A*01:01	ESEPYTFSH	87.71	3059	0.02868	1.542	19.06
FATCLGLFY	HLA-A*01:01	FATCLGLSY	252.5	524.9	0.4811	0.3177	1.819
FSDCEIFY	HLA-A*01:01	FSDCEISY	19.23	39.97	0.4811	0.3177	2.056
FSDVGEVPY	HLA-A*01:01	LSDVGEVPY	37.63	62.82	0.5989	0.2226	1.642
FSEAGIHY	HLA-A*01:01	FPEAGIHY	59.26	784.8	0.07551	1.122	10.92
FSSPTHSLY	HLA-A*01:01	SSSPTHSLY	14.17	48.1	0.2947	0.5307	3.35
FSSPTHSLYV	HLA-A*01:01	SSSPTHSLYV	204.2	693	0.2947	0.5307	2.857
FTADQKVVY	HLA-A*01:01	FTADQKAVY	337.1	312.5	1.079	-0.03289	0.8546
FTASSFLKSFY	HLA-A*01:01	FTAPSFLKSFY	63.27	88.83	0.7122	0.1474	1.371
FTDRERHCF	HLA-A*01:01	FTDRERHCS	395.4	2250	0.1758	0.755	3.533
FTNESYLELY	HLA-A*01:01	FTDESYLELY	20.39	1.794	11.36	-1.056	0.08796
FTQEDPQMVY	HLA-A*01:01	LTQEDPQMVY	102.4	171	0.5989	0.2226	1.596
GDTDSRFISY	HLA-A*01:01	GDTDSRFIPY	3805	1938	1.964	-0.2931	0.3338
GTDPLFMFA	HLA-A*01:01	GTDPLSMFA	251.9	326.6	0.7712	0.1128	1.191
IAADGEFLY	HLA-A*01:01	IAADGEFLH	884	3.083e+04	0.02868	1.542	3.725
IFSSPTHSLY	HLA-A*01:01	ISSSPTHSLY	524.9	95.44	5.5	-0.7404	0.1772
ILDTAGHEEY	HLA-A*01:01	ILDTAGQEEY	125.1	205	0.6103	0.2145	1.552
ISEYVSVRFY	HLA-A*01:01	IPEYVSVRFY	314.6	4167	0.07551	1.122	6.217
ISVATFLPY	HLA-A*01:01	LSVATFLPY	165	77.95	2.117	-0.3257	0.4626
KSDSVTSDCGY	HLA-A*01:01	KSDSVTSDRGY	36.52	139	0.2628	0.5804	3.667
LLDEPSAHLY	HLA-A*01:01	LLDEPSAHLD	32.86	2504	0.01312	1.882	45.38
LSDGPSMGRY	HLA-A*01:01	LSDSPSMGRY	36.85	18.74	1.966	-0.2936	0.5061
LSGSDNVLY	HLA-A*01:01	LSGSDNVPY	206.1	318.5	0.6471	0.189	1.422
LTEQYNEKY	HLA-A*01:01	LTEQYNEQY	126.7	149.5	0.8473	0.07194	1.134
LTQGYIYFY	HLA-A*01:01	LTQGYIYFH	73.61	2567	0.02868	1.542	20.56
LTVDYATFY	HLA-A*01:01	STVDYATFY	127.4	259	0.492	0.3081	1.899
LVDIVLNFY	HLA-A*01:01	LVDIVLNFH	22.1	770.8	0.02868	1.542	28.84
MIDNETLLVEY	HLA-A*01:01	MIDNETLPVEY	199.5	312	0.6394	0.1942	1.442
MLDIIKAIY	HLA-A*01:01	MLDIMKAIY	307.6	247.7	1.242	-0.09406	0.7546
PSAEVEMTFY	HLA-A*01:01	PSAEVEMTSY	71.32	148.2	0.4811	0.3177	1.998
QLDVSRLWY	HLA-A*01:01		107.4				
RCVDWLIAVY	HLA-A*01:01	RCVDWSIAVY	6204	6204	1	0	0.3728
RSAQKMFTY	HLA-A*01:01	RSAQEMFTY	420.2	446	0.9422	0.02586	0.9468
SSDCSAWY	HLA-A*01:01	SSDRSAWY	85.59	128	0.6686	0.1749	1.446
SSDCSAWYM	HLA-A*01:01	SSDRSAWYM	95.58	143	0.6685	0.1749	1.44
TTDNYIAQGKRKSY	HLA-A*01:01	TTDNYIAQGKRKSN	154.9	2.762e+04	0.005608	2.251	21
VSCRSVWEY	HLA-A*01:01	VPCRSVWEY	196	2595	0.07551	1.122	7.773
VSEGGCFCY	HLA-A*01:01	VSEGGCSCY	99.35	120.7	0.823	0.08458	1.176
WSDIMFEHFY	HLA-A*01:01	WSDIMFEHFF	9.707	103.3	0.09399	1.027	10.35
WSFPYEFLY	HLA-A*01:01	WSFPYEFSY	47.1	142.9	0.3296	0.4821	2.921
WVDPEDLYKGY	HLA-A*01:01	WVDPEDPYKGY	298.2	298.2	1	0	0.9252
YTAEKKSLSE	HLA-A*01:01	YTAEKKSPSE	2857	9735	0.2935	0.5324	0.9359
YTDKSEHATY	HLA-A*01:01	YTDESEHATY	13.13	5.29	2.482	-0.3948	0.4023
ALDHMFMYFL	HLA-A*02:01	ALGHMFMYFL	16.1	31.12	0.5173	0.2863	1.917
ALDKNLHQL	HLA-A*02:01	ALDENLHQL	176	54.94	3.204	-0.5057	0.3076
ALFELRNISV	HLA-A*02:01	ALFELHNISV	10.86	10.86	1	0	0.9971
ALGVYGGPYV	HLA-A*02:01	ALGVYGGPYG	39.64	727.3	0.0545	1.264	15.32
ALHEEVVCV	HLA-A*02:01	ALHEEVVGV	56.79	40.28	1.41	-0.1492	0.7015
ALKEIIPQCI	HLA-A*02:01	ALKKIIPQCI	729.7	2338	0.3121	0.5057	1.961
ALPPTVYEV	HLA-A*02:01	ALPPTVYEA	22.51	94.27	0.2388	0.622	4.083
ALSDGPIDAV	HLA-A*02:01	ALSDGAIDAV	24.48	24.48	1	0	0.9934
ALVNQQFLCV	HLA-A*02:01	ALLNQQFLCV	145.3	46.38	3.134	-0.4961	0.3152
ALWEAFYRQNL	HLA-A*02:01	ALREAFYRQNL	100.9	1314	0.07678	1.115	9.603
ALWPLAYGV	HLA-A*02:01	ALWSLAYGV	8.569	9.011	0.9509	0.02187	1.049
AVLGSFSYV	HLA-A*02:01	AVLGSFPYV	78.5	33.07	2.374	-0.3755	0.4175
AVPGGGMPI	HLA-A*02:01	AVPGGGMPN	1315	2.325e+04	0.05658	1.247	2.419
AVYCACFVEL	HLA-A*02:01	AVYCARFVEL	195.2	195.2	1	0	0.9497
EMASVLFKA	HLA-A*02:01	EVASVLFKA	336.7	2507	0.1343	0.872	4.433
FHLAELCIEV	HLA-A*02:01	LHLAELCIEV	179.1	1007	0.1779	0.7498	4.415
FIAEQILATL	HLA-A*02:01	SIAEQILATL	21.51	137.3	0.1566	0.8051	6.155
FIWLATRRV	HLA-A*02:01	SIWLATRRV	98.96	631.7	0.1566	0.8051	5.45
FIYLFVTET	HLA-A*02:01	FIYLFVPET	116.6	73.77	1.58	-0.1988	0.6203
FLAFTGVAGYI	HLA-A*02:01	VLAFTGVAGYI	24.61	153.6	0.1602	0.7954	5.993
FLCEILRSMSI	HLA-A*02:01	FLCEILRSMCI	13.23	24.49	0.5401	0.2675	1.839
FLCNARVKV	HLA-A*02:01	FQCNARVKV	81.31	448.4	0.1813	0.7416	4.917
FLDEGFSGL	HLA-A*02:01	FPDEGFSGL	8.17	288.3	0.02833	1.548	32.73
FLDEGFSGLV	HLA-A*02:01	FPDEGFSGLV	7.854	277.2	0.02833	1.548	32.83
FLDKFMEAV	HLA-A*02:01	FLDEFMEAV	7.574	2.364	3.204	-0.5057	0.3119
FLDPDLTNI	HLA-A*02:01	SLDPDLTNI	17.88	114.1	0.1566	0.8051	6.192
FLFQEECWHL	HLA-A*02:01		3.889				
FLGSLLILV	HLA-A*02:01	SLGSLLILV	4.39	28.03	0.1566	0.8051	6.336
FLGSLLILVV	HLA-A*02:01	SLGSLLILVV	12.73	81.24	0.1566	0.8051	6.246
FLLDETEVSV	HLA-A*02:01	FLLDGTEVSV	3.395	2.774	1.224	-0.08773	0.8165
FLLWKATGV	HLA-A*02:01	FLSWKATGV	9.412	19.26	0.4886	0.311	2.036
FLNCDIMLGV	HLA-A*02:01	FLNYDIMLGV	9.84	7.697	1.278	-0.1067	0.7806
FLNDASACV	HLA-A*02:01	FLNDAGACV	9.504	16.8	0.5658	0.2473	1.759
FLNDSEQV	HLA-A*02:01		40.18				
FLNSFQEL	HLA-A*02:01	FLNSFEEL	12.2	18.18	0.671	0.1733	1.483
FLPKQGQIFCL	HLA-A*02:01	FLPKQGQIFCS	25.02	221.9	0.1127	0.9479	8.367
FLREYLYVYKI	HLA-A*02:01	FLREYLYVYKN	8.923	157.7	0.05658	1.247	16.95
FLRHMCHFTEV	HLA-A*02:01	FLRHMCHFIEV	17.7	14.41	1.228	-0.08912	0.8113
FLSEFAGTQL	HLA-A*02:01	FLPEFAGTQL	24.15	45.25	0.5337	0.2727	1.851
FLSELEASV	HLA-A*02:01	SLSELEASV	5.446	34.77	0.1566	0.8051	6.324
FLTKLVHLV	HLA-A*02:01	FLTKLVHLG	10.3	189	0.0545	1.264	17.45
FLVESQLHL	HLA-A*02:01	FLVESQLQL	28.96	52.77	0.5488	0.2605	1.796
FLWGSRAHA	HLA-A*02:01	FLWGPRAHA	27.92	49.07	0.569	0.2449	1.734
FLWGSRAHAEI	HLA-A*02:01	FLWGPRAHAEI	7.88	13.85	0.569	0.2449	1.751
FLYELEEKMEV	HLA-A*02:01	FLHELEEKMEV	4.644	20.15	0.2305	0.6373	4.315
FMATYEINV	HLA-A*02:01		6.519				
FMENIMEM	HLA-A*02:01	SMENIMEM	64.81	413.8	0.1566	0.8051	5.74
FMKDGLTGA	HLA-A*02:01	FMTDGLTGA	40.29	16.91	2.383	-0.3771	0.4178
FNVLFDRLSKL	HLA-A*02:01	FNVLFDGLSKL	2963	2963	1	0	0.5544
FQLPILQPA	HLA-A*02:01	FQLPTLQPA	24.24	30.26	0.801	0.09637	1.238
FQLRTADWHL	HLA-A*02:01	FQLRTADWRL	30.53	41.57	0.7344	0.134	1.346
FSDYVQCFL	HLA-A*02:01	FSDYVQCVL	144	461.9	0.3117	0.5062	2.851
FVANLFNTYL	HLA-A*02:01	FVANLFNTYP	39.46	1093	0.0361	1.443	21.37
FVLASLCLYV	HLA-A*02:01	FVLAPLCLYV	12.68	22.28	0.569	0.2449	1.747
FVLASLCLYVV	HLA-A*02:01	FVLAPLCLYVV	13.43	23.6	0.569	0.2449	1.746
FVLEHEDGL	HLA-A*02:01	FVLDHEDGL	146.6	136.8	1.072	-0.03011	0.8996
FYLGSAYHAA	HLA-A*02:01	LYLGSAYHAA	186.5	1048	0.1779	0.7498	4.377
GLFEDTNLFA	HLA-A*02:01	GLFEDTNLCA	43.01	120.8	0.3562	0.4483	2.718
GLFRVTPEIPV	HLA-A*02:01	GLFRVTPEIPA	29.92	125.3	0.2388	0.622	4.05
GLKDLLNPI	HLA-A*02:01	GLEDLLNPI	135	123	1.098	-0.04062	0.8813
GLSEKCSLV	HLA-A*02:01	GLSGKCSLV	77.39	134	0.5773	0.2386	1.671
GLSKYRPAI	HLA-A*02:01	GLSKYRPAS	199.4	1315	0.1517	0.8191	4.861
GLTFKDVTV	HLA-A*02:01	GLTFKDVAV	338.4	282.8	1.197	-0.07792	0.7762
GLYGNLIVL	HLA-A*02:01	GLSGNLIVL	45.77	103.7	0.4414	0.3552	2.204
GMLPSNYV	HLA-A*02:01	GMLPANYV	23.35	24.03	0.9715	0.01257	1.023
GMLPSNYVEAI	HLA-A*02:01	GMLPANYVEAI	114.5	95.02	1.205	-0.081	0.809
GMLTNIWTV	HLA-A*02:01	RMLTNIWTV	5.045	4.181	1.207	-0.08164	0.8277
GQEGKYDLLV	HLA-A*02:01	GQEVKYDLLV	2451	6354	0.3858	0.4136	0.9517
GQFGKVWMA	HLA-A*02:01	GQFGEVWMA	229.2	134	1.711	-0.2332	0.564
HLIGGIQVL	HLA-A*02:01	HSIGGIQVL	123.3	1484	0.08307	1.081	8.584
HLMNIAIIA	HLA-A*02:01	HLMDIAIIA	135.6	62.68	2.163	-0.335	0.4547
IFLSELEASV	HLA-A*02:01	ISLSELEASV	247.3	381.1	0.6489	0.1878	1.397
ILPFFYLGSA	HLA-A*02:01	ILPFLYLGSA	262.5	437.5	0.6	0.2219	1.49
ILPGVFSKL	HLA-A*02:01	IPPGVFSKL	317.3	1.12e+04	0.02833	1.548	8.741
ILYHGNLVV	HLA-A*02:01	ILYHGNPVV	48.68	33.47	1.454	-0.1627	0.6814
IMGQQPAPQV	HLA-A*02:01	NMGQQPAPQV	331	720.6	0.4594	0.3378	1.821
IVYPTPTPI	HLA-A*02:01	IVHPTPTPI	211	915.7	0.2305	0.6374	3.476
KAWENFPNV	HLA-A*02:01	KAWENSPNV	54.84	96.74	0.5669	0.2465	1.719
KIFLCNARV	HLA-A*02:01	KIFQCNARV	128.8	122.1	1.054	-0.02292	0.9182
KLADFGLAC	HLA-A*02:01	KLADFGLAI	243.7	31.58	7.718	-0.8875	0.1285
KLADFGLACA	HLA-A*02:01	KLADFGLARA	17.63	17.78	0.9919	0.003539	1.003
KLHVSVEAFV	HLA-A*02:01	KLHVSVEALV	174.6	233.1	0.7491	0.1254	1.255
KLINSQINL	HLA-A*02:01	KLINSQISL	110.2	61.62	1.789	-0.2526	0.5498
KLKEHLGFAV	HLA-A*02:01	KLKEHLGSAV	43.22	219.7	0.1967	0.7061	4.797
KLLEGQPVLL	HLA-A*02:01	ELLEGQPVLL	14.09	150.5	0.09364	1.029	10.26
KLLNCPCPA	HLA-A*02:01	KLLNRPCPA	34.08	87.69	0.3886	0.4105	2.514
KLLSEFFSC	HLA-A*02:01	KLLSEFSSC	76.68	389.7	0.1967	0.7061	4.597
KLLSEFFSCL	HLA-A*02:01	KLLSEFSSCL	69.51	122.6	0.5669	0.2465	1.707
KLLSFHSV	HLA-A*02:01	GLLSFHSV	4.98	8.393	0.5933	0.2267	1.682
KLLSFHSVFT	HLA-A*02:01	KLLSFHSLFT	75.74	79.72	0.9502	0.0222	1.03
KLNPSQNVV	HLA-A*02:01	KLNPSQNVA	289	1210	0.2388	0.622	3.153
KLPYSYNLCV	HLA-A*02:01	TLPYSYNLCV	128.9	282.2	0.4569	0.3402	2.033
KLSFLVMII	HLA-A*02:01	KLPFLVMII	104	194.8	0.5337	0.2727	1.78
KLVVVGAAGV	HLA-A*02:01	KLVVVGAGGV	163.5	562.8	0.2905	0.5368	2.986
KLYESFYGP	HLA-A*02:01	KLDESFYGP	185.2	348.7	0.5312	0.2748	1.72
KMGKTIYKYV	HLA-A*02:01	KMGKTIHKYV	176.3	265.5	0.6639	0.1779	1.405
KMLDGLESL	HLA-A*02:01	EMLDGLESL	14.43	154.1	0.09364	1.029	10.25
KTIQTIVFL	HLA-A*02:01	KTVQTIVFL	199.6	517.3	0.3859	0.4135	2.272
KTIYKYVHL	HLA-A*02:01	KTIHKYVHL	846.4	1368	0.6187	0.2085	1.179
KTLGIKLSFL	HLA-A*02:01	KTLGIKLPFL	128.7	54.21	2.374	-0.3755	0.4151
KTLMEVMSKI	HLA-A*02:01	KTLMEVMPKI	1660	699	2.374	-0.3755	0.3541
KVWAVTEEV	HLA-A*02:01	KVWAGTEEV	108.5	98.08	1.106	-0.04381	0.8806
LALPPTVYEV	HLA-A*02:01	LALPPTVYEA	175.4	734.7	0.2388	0.622	3.492
LIIENRYAV	HLA-A*02:01	LIIENRDAV	86.61	441.1	0.1964	0.7069	4.549
LLAAGLGRA	HLA-A*02:01	LRAAGLGRA	249.3	8126	0.03067	1.513	10.18
LLAARQLL	HLA-A*02:01	LQAARQLL	323	1781	0.1813	0.7416	3.719
LLAELPASVHV	HLA-A*02:01	LLAELPASVHA	19.09	79.95	0.2388	0.622	4.099
LLAKQLYRV	HLA-A*02:01	LLAKELYRV	29.41	19.91	1.477	-0.1693	0.6735
LLAPLIATL	HLA-A*02:01	LLAPLIATP	27.91	773.3	0.0361	1.443	22.9
LLDNGTLTI	HLA-A*02:01	LLDNGTLTV	111.2	38.86	2.862	-0.4566	0.3458
LLFGPSCAL	HLA-A*02:01	LLFGPSSAL	110.1	135.8	0.8105	0.09127	1.19
LLFTDQHGL	HLA-A*02:01	LPFTDQHGL	76.99	2717	0.02833	1.548	20.32
LLFTDQHGLV	HLA-A*02:01	LPFTDQHGLV	90.74	3202	0.02833	1.548	18.89
LLFYGAVIEV	HLA-A*02:01	LLSYGAVIEV	6.641	15.48	0.4291	0.3675	2.321
LLHSGVIGA	HLA-A*02:01	LLHSGVMGA	219.3	209.9	1.045	-0.01897	0.9057
LLHSGVIGAV	HLA-A*02:01	LLHSGVMGAV	110.9	129	0.8595	0.06575	1.124
LLKAGWQNLV	HLA-A*02:01	LLEAGWQNLV	311.3	283.5	1.098	-0.04062	0.8457
LLLLPLSVA	HLA-A*02:01	LLLLKLSVA	498.7	428.8	1.163	-0.06558	0.7703
LLLNGLGLA	HLA-A*02:01	LVLNGLGLA	98.5	708.2	0.1391	0.8568	6.032
LLLPGNNWKV	HLA-A*02:01	LLLPGNNRKV	12.49	179.7	0.06951	1.158	13.72
LLLPLSVARPL	HLA-A*02:01	LLLPVSVARPL	101.1	107.8	0.9375	0.02803	1.036
LLLSSLGYL	HLA-A*02:01	LLLSNLGYL	31.35	27.92	1.123	-0.05045	0.8836
LLNDASFISV	HLA-A*02:01	LLNDASLISV	17.65	13.98	1.263	-0.1013	0.7889
LLPGNNWKV	HLA-A*02:01	LLPGNNRKV	54.33	781.6	0.06951	1.158	11.87
LLQVCWLQSA	HLA-A*02:01	LLQVCWLQCA	361.2	668.7	0.5401	0.2675	1.567
LLRMNQSQFI	HLA-A*02:01	LPRMNQSQFI	642.3	2.267e+04	0.02833	1.548	4.937
LLSEFFSCL	HLA-A*02:01	LLSEFSSCL	48.49	85.53	0.5669	0.2465	1.724
LLSFHSVFT	HLA-A*02:01	LLSFHSLFT	391.1	411.6	0.9502	0.0222	0.9468
LLSLWVPQV	HLA-A*02:01	LLSLWAPQV	29.59	66.07	0.4479	0.3489	2.194
LLSNELHRL	HLA-A*02:01	LLSNELHRQ	85.3	3086	0.02764	1.558	19.69
LLYDHPLKV	HLA-A*02:01	LLYDRPLKV	21.95	38.39	0.5718	0.2428	1.731
LMMHSATSA	HLA-A*02:01	PMMHSATSA	78.9	696.8	0.1132	0.9461	7.428
LMMHSATSAT	HLA-A*02:01	PMMHSATSAT	257.7	2276	0.1132	0.9461	5.461
LMMHSATSATV	HLA-A*02:01	PMMHSATSATV	13.86	122.4	0.1132	0.9461	8.548
LQDSGLWFPV	HLA-A*02:01	LRDSGLWFPV	39.46	233.2	0.1692	0.7717	5.559
LQVCWLQSA	HLA-A*02:01	LQVCWLQCA	447	827.6	0.5401	0.2675	1.512
LVADVLSPV	HLA-A*02:01	LVANVLSPV	40.77	88.17	0.4624	0.335	2.112
LVAVFRWAV	HLA-A*02:01	PVAVFRWAV	181	1599	0.1132	0.9461	6.161
MLFARHLREV	HLA-A*02:01	MVFARHLREV	18.24	131.2	0.1391	0.8568	6.943
MLIILAGFL	HLA-A*02:01	ILIILAGFL	74.66	176.5	0.4229	0.3737	2.257
MLNPLIYSLRNKV	HLA-A*02:01	MLNPLIYSLRNKD	251.3	6198	0.04055	1.392	9.198
MLNTSVPNYM	HLA-A*02:01	MLNTSVPNDM	171.1	1339	0.1278	0.8935	5.741
MLPSNYVEA	HLA-A*02:01	MLPANYVEA	143.8	129.2	1.112	-0.04628	0.8685
MLPSNYVEAI	HLA-A*02:01	MLPANYVEAI	128.5	115.5	1.112	-0.04628	0.8716
MLVSTMPVV	HLA-A*02:01	MPVSTMPVV	22.13	781	0.02833	1.548	29.12
NILGFTFDI	HLA-A*02:01	NIPGFTFDI	290	1112	0.2608	0.5837	2.946
NLFLFIDKL	HLA-A*02:01	NVFLFIDKL	175.4	1261	0.1391	0.8568	5.358
NLINEAMDV	HLA-A*02:01	DLINEAMDV	205.2	695.3	0.2951	0.53	2.851
NSLLLLPLSV	HLA-A*02:01	NSLLLLPVSV	781.1	742.2	1.052	-0.0222	0.791
QLFMATYEI	HLA-A*02:01		55.9				
QLLKFIPSL	HLA-A*02:01	QLLKFIPGL	26.19	34.39	0.7615	0.1183	1.301
QLSSVRCYV	HLA-A*02:01	QLSSGRCYV	115.7	104.6	1.106	-0.04381	0.8791
QLVMVLVGGL	HLA-A*02:01	QPVMVLVGGL	777.5	2.744e+04	0.02833	1.548	4.18
RLCLYCGYPV	HLA-A*02:01	RLCLYCGYPG	20	366.9	0.0545	1.264	16.69
RLDGFFKNAV	HLA-A*02:01	RLDGSFKNAV	112.3	250.1	0.449	0.3477	2.086
RLIGLMMTA	HLA-A*02:01	RVIGLMMTA	57.12	410.7	0.1391	0.8568	6.47
RLLRGYDQV	HLA-A*02:01	RLLRGYDQD	172.8	4261	0.04055	1.392	11.44
RLLRPIYDYL	HLA-A*02:01	RRLRPIYDYL	145.4	4739	0.03067	1.513	14.27
RLLRPIYV	HLA-A*02:01	RRLRPIYV	28.42	926.7	0.03067	1.513	26.05
RLMDSAQVA	HLA-A*02:01	RFMDSAQVA	92.26	720.7	0.128	0.8927	6.534
RLMGINSTA	HLA-A*02:01	RLMGVNSTA	63.61	79.97	0.7955	0.09937	1.23
RLMGINSTAA	HLA-A*02:01	RLMGVNSTAA	31.82	40	0.7955	0.09937	1.244
RLPGLILYTL	HLA-A*02:01	RLPGLILYTF	37.49	430.9	0.087	1.06	10.29
RLSEVMARM	HLA-A*02:01	RLSEAMARM	132.5	137.7	0.962	0.01682	1.002
RLVLQLLEL	HLA-A*02:01	RLGLQLLEL	176.3	185	0.9533	0.02079	0.9989
RMGQTVIAV	HLA-A*02:01	RMGQTVRAV	54.52	218	0.2501	0.6019	3.775
RSFSEVFLV	HLA-A*02:01	RSSSEVFLV	44.22	103.1	0.4291	0.3675	2.267
RTADWHLYL	HLA-A*02:01	RTADWRLYL	88.67	153.9	0.576	0.2396	1.666
RVYDALNLL	HLA-A*02:01	RVYDALNVL	110.9	266.4	0.4161	0.3808	2.241
SEQMDVAFQV	HLA-A*02:01	PEQMDVAFQV	3169	2.465e+04	0.1286	0.8908	1.012
SLCKSILLFL	HLA-A*02:01	SLCKSKLLFL	110.7	110.7	1	0	0.9709
SLCLYVVVGV	HLA-A*02:01	PLCLYVVVGV	37.24	289.6	0.1286	0.8908	7.21
SLHDLTDGV	HLA-A*02:01	SLHGLTDGV	115.6	214.7	0.5386	0.2687	1.754
SLHPSAPFL	HLA-A*02:01	SLYPSAPFL	145.2	33.47	4.339	-0.6374	0.2284
SLINSTVIV	HLA-A*02:01	SLINPTVIV	72.04	126.6	0.569	0.2449	1.699
SLLAARQLL	HLA-A*02:01	SLRAARQLL	166.9	1127	0.1481	0.8294	5.171
SLLLLPLSV	HLA-A*02:01	SLLLLPVSV	37.39	35.52	1.052	-0.0222	0.9411
SLLLLPLSVA	HLA-A*02:01	SLLLLPVSVA	241.2	298.4	0.8081	0.09252	1.145
SLSEARQDV	HLA-A*02:01	SPSEARQDV	325.3	1.148e+04	0.02833	1.548	8.58
SLSSDFNPL	HLA-A*02:01	SLSSDFDPL	63.74	80.81	0.7888	0.1031	1.241
SLSSDFNPLV	HLA-A*02:01	SLSSDFDPLV	38.95	45.02	0.8652	0.06289	1.142
SLYELEKEFL	HLA-A*02:01	SIYELEKEFL	106.5	532.3	0.2001	0.6988	4.368
SLYLNTTVL	HLA-A*02:01	SPYLNTTVL	174.9	6174	0.02833	1.548	13.2
SMLFARHLREV	HLA-A*02:01	SMVFARHLREV	45.1	141.3	0.3191	0.4961	3.018
SQPPAGSEV	HLA-A*02:01	SPPPAGSEV	1541	9862	0.1563	0.8061	1.741
SQYEYTVLLSV	HLA-A*02:01	SQYEYTVLLSG	11.93	218.9	0.0545	1.264	17.32
SVLSALFSI	HLA-A*02:01	SVLNALFSI	80.17	81.67	0.9816	0.008078	0.9967
TIITQLSSV	HLA-A*02:01	TIITQLSSG	308.8	5666	0.0545	1.264	7.233
TLAECGGHVEL	HLA-A*02:01	TLAACGGHVEL	49.61	88.33	0.5617	0.2505	1.739
TLFHDLWKL	HLA-A*02:01	TLFHDPWKL	23.99	53.79	0.446	0.3507	2.21
TLGIKLSFLV	HLA-A*02:01	TLGIKLPFLV	101.5	102.2	0.9934	0.002881	0.9795
TLMEVMSKI	HLA-A*02:01	TLMEVMPKI	47.54	20.02	2.374	-0.3755	0.4189
TLYLRNNQLV	HLA-A*02:01	TFYLRNNQLV	122.9	959.7	0.128	0.8927	6.198
TMMCVSRNEL	HLA-A*02:01	TMMSVSRNEL	134.4	139	0.9668	0.01469	0.9968
TVWDFTLEL	HLA-A*02:01	TVRDFTLEL	69.82	909.4	0.07678	1.115	10.45
VLASLCLYV	HLA-A*02:01	VLAPLCLYV	12.4	11.79	1.052	-0.02187	0.9479
VLASLCLYVV	HLA-A*02:01	VLAPLCLYVV	13.13	12.49	1.052	-0.02187	0.9477
VLFDRLSKL	HLA-A*02:01	VLFDGLSKL	64.2	34.38	1.868	-0.2713	0.5305
VLFDRLSKLA	HLA-A*02:01	VLFDGLSKLA	330	176.7	1.868	-0.2713	0.511
VLFSNESSL	HLA-A*02:01	VLSSNESSL	145.6	339.3	0.4291	0.3675	2.134
VLLKAGWQNL	HLA-A*02:01	VLLEAGWQNL	277.8	86.71	3.204	-0.5056	0.305
VLLKAGWQNL	HLA-A*02:01	VLLEAGWQNL	277.8	86.71	3.204	-0.5056	0.305
VLLSVLIILL	HLA-A*02:01	VLLSGLIILL	20.2	18.26	1.106	-0.04381	0.8996
VLMMHSATSA	HLA-A*02:01	VPMMHSATSA	78.95	2786	0.02833	1.548	20.1
VLNFYTTFV	HLA-A*02:01	VLNFHTTFV	23.06	54.77	0.4211	0.3756	2.34
VLSALFSIT	HLA-A*02:01	VLNALFSIT	1067	1637	0.6519	0.1858	1.062
VLVADVLSPV	HLA-A*02:01	VLVANVLSPV	30.27	31.04	0.975	0.01102	1.017
VLWISAFMV	HLA-A*02:01	VLWIPAFMV	17.3	30.4	0.569	0.2449	1.743
VSVLSALFSI	HLA-A*02:01	VSVLNALFSI	755.4	672.6	1.123	-0.05045	0.753
WLVDFFSPWC	HLA-A*02:01	WLVDFFAPWC	192.9	239.3	0.8062	0.09357	1.165
WQLDALDFLV	HLA-A*02:01	GQLDALDFLV	16.75	28.51	0.5876	0.231	1.689
YAVQDFLHEI	HLA-A*02:01	DAVQDFLHEI	542.3	1.347e+04	0.04025	1.395	5.338
YILDRESPL	HLA-A*02:01	YILGRESPL	75.85	140.8	0.5386	0.2687	1.788
YITKRIIAV	HLA-A*02:01	YITERIIAV	135.5	42.31	3.204	-0.5057	0.3086
YIYNPSLAL	HLA-A*02:01	YIDNPSLAL	134	252.2	0.5312	0.2748	1.762
YLALPPTVYEV	HLA-A*02:01	YLALPPTVYEA	6.539	27.38	0.2388	0.622	4.157
YLAVDALEL	HLA-A*02:01	YLAADALEL	53.2	21.1	2.521	-0.4017	0.3943
YLDVFVHAI	HLA-A*02:01	YLDLFVHAI	19.42	13.06	1.487	-0.1724	0.67
YLFIKDNEI	HLA-A*02:01	YLFIEDNEI	97.43	56.95	1.711	-0.2332	0.5756
YLIIENRYA	HLA-A*02:01	YLIIENRDA	84.2	658.9	0.1278	0.8935	6.639
YLIIENRYAV	HLA-A*02:01	YLIIENRDAV	14	71.29	0.1964	0.7069	4.996
YLLIHGTAV	HLA-A*02:01	YLLIHGTAD	17.64	435	0.04055	1.392	22.06
YLLNDASPI	HLA-A*02:01	YLLNDASLI	20.95	34.77	0.6025	0.2201	1.644
YLLQKLSCL	HLA-A*02:01	YLLRKLSCL	48.6	49.89	0.9741	0.01139	1.013
YLLRHANIFTHQL	HLA-A*02:01	YPLRHANIFTHQL	38.04	1342	0.02833	1.548	25.87
YLNEAVFNF	HLA-A*02:01	YLNEAGFNF	79.1	251.6	0.3143	0.5026	2.978
YLNEAVFNFV	HLA-A*02:01	YLNEAGFNFV	6.529	6.529	1	0	0.9982
YLVVADVCPKV	HLA-A*02:01	YLVVADVCPKE	68.66	4041	0.01699	1.77	28.08
YLYHRVDVI	HLA-A*02:01	DLYHRVDVI	84.24	2093	0.04025	1.395	15.85
YLYVYKIV	HLA-A*02:01	YLYVYKNV	53.39	45.29	1.179	-0.0715	0.8379
YLYVYKIVSQ	HLA-A*02:01	YLYVYKNVSQ	179.4	416.4	0.4309	0.3656	2.085
YLYVYKIVSQL	HLA-A*02:01	YLYVYKNVSQL	24.67	24.67	1	0	0.9934
YMPGVGDFA	HLA-A*02:01	HMPGVGDFA	212.4	1442	0.1473	0.8318	4.88
YMPGVGDFAV	HLA-A*02:01	HMPGVGDFAV	8.315	56.44	0.1473	0.8318	6.686
YMWRWKQFL	HLA-A*02:01	YVWRWKQFL	12.77	95.07	0.1343	0.872	7.259
YQANVVWKV	HLA-A*02:01		14.82				
YQSPDLSKV	HLA-A*02:01	YLSPDLSKV	122	22.13	5.515	-0.7416	0.1802
YVQCFLAFT	HLA-A*02:01	YVQCVLAFT	287.3	510.7	0.5625	0.2499	1.562
YVYKIVSQL	HLA-A*02:01	YVYKNVSQL	247.8	347.4	0.7133	0.1467	1.281
ADVLSPVLVK	HLA-A*03:01	ANVLSPVLVK	1604	3519	0.4558	0.3412	1.123
AINRPTVLK	HLA-A*03:01	AIYRPTVLK	49.24	9.067	5.431	-0.7349	0.1837
ALLPPPPLAK	HLA-A*03:01	ALPPPPPLAK	13.96	71.2	0.1961	0.7076	5.004
ALYFNSQWK	HLA-A*03:01	ALYFNGQWK	11.51	16.02	0.7184	0.1437	1.386
ALYKVEINK	HLA-A*03:01	ALYKVEINE	22.33	1339	0.01667	1.778	44
ASFFGVHSK	HLA-A*03:01	ASFFGVHPK	35.02	29.31	1.195	-0.0773	0.8304
ATNYIYVLNK	HLA-A*03:01	ATNYIYVLNE	31.46	1887	0.01667	1.778	39.68
ATRRPVWKLVK	HLA-A*03:01		68.55				
ATRYNYTSEK	HLA-A*03:01	ATRYNYTSEE	90.48	5427	0.01667	1.778	24.27
ATYKGVPYEVK	HLA-A*03:01	ATYKGVPFEVK	84.75	60.65	1.397	-0.1453	0.7041
AVRVLFPGIK	HLA-A*03:01	AVRVLFPGIE	305.1	1.83e+04	0.01667	1.778	10.06
CRLFPYALHK	HLA-A*03:01	CRLLPYALHK	628.6	1425	0.4412	0.3554	1.635
CVIDAAVLLK	HLA-A*03:01	CVIDAAVLLE	146.9	8815	0.01667	1.778	17.69
FIYLFVTETK	HLA-A*03:01	FIYLFVPETK	104.9	103.3	1.016	-0.006772	0.9577
GIKAHPVLK	HLA-A*03:01	GIEAHPVLK	102.4	247.8	0.4133	0.3838	2.267
GLLAAGLGR	HLA-A*03:01	GLRAAGLGR	362.6	459.4	0.7894	0.1027	1.126
GLSFHLQSSK	HLA-A*03:01	GLSSHLQSSK	34.18	52.68	0.6488	0.1879	1.52
GMLNTSVPNY	HLA-A*03:01	GMLNTSVPND	325.2	8323	0.03907	1.408	7.857
GVYTKEFLY	HLA-A*03:01	GVYTKESLY	401.4	356.5	1.126	-0.05154	0.8098
HLFDIQGLPK	HLA-A*03:01	HLLDIQGLPK	14.31	28.04	0.5102	0.2923	1.945
ILFRTPSVAK	HLA-A*03:01	ILSRTPSVAK	25.52	67.91	0.3758	0.425	2.613
ILGYWIRTSK	HLA-A*03:01	ILSYWIRTSK	48.44	19.67	2.463	-0.3914	0.4039
ILYTLRMIMAK	HLA-A*03:01	ILYTFRMIMAK	4.874	2.998	1.625	-0.211	0.6147
ITGALVLFMK	HLA-A*03:01	ITGALVLFMT	103.7	1.046e+04	0.009916	2.004	26.28
KAPVGHFYK	HLA-A*03:01	KAPVGHFYE	264.5	1.586e+04	0.01667	1.778	11.31
KEAADPLAFK	HLA-A*03:01	KEAADPLASK	458.9	1105	0.4154	0.3815	1.852
KINRALTAAK	HLA-A*03:01	KINRALAAAK	60.34	72.77	0.8293	0.08131	1.183
KIVEMSTSK	HLA-A*03:01	KIVEMSASK	142.6	193.6	0.7365	0.1328	1.29
KIYTGEKPYK	HLA-A*03:01	IIYTGEKPYK	7.255	11.78	0.6157	0.2106	1.619
KLHVASLSFR	HLA-A*03:01	KPHVASLSFR	133.1	2234	0.05955	1.225	10.46
KLRDEISLAK	HLA-A*03:01	KLRDEINLAK	52.58	89.51	0.5875	0.231	1.662
KLYESFYGPEK	HLA-A*03:01	KLDESFYGPEK	21.31	275.3	0.07741	1.111	12.02
KLYKCKVCDK	HLA-A*03:01	KPYKCKVCDK	12.21	204.9	0.05955	1.225	15.91
KMFCAGYPK	HLA-A*03:01	KMFCAGYPE	16.55	992.5	0.01667	1.778	47.26
KSATRRPVWK	HLA-A*03:01		40.69				
KTYACQQCGK	HLA-A*03:01	KPYACQQCGK	9.613	84.38	0.1139	0.9434	8.581
KVYDIAFSR	HLA-A*03:01	EVYDIAFSR	115	1334	0.08619	1.065	8.52
LLFGVSALGK	HLA-A*03:01	LSFGVSALGK	11.8	38.48	0.3066	0.5134	3.227
LLFKAGEMRK	HLA-A*03:01	LLFEAGEMRK	50.61	89.24	0.5672	0.2463	1.721
LLPPPPLAK	HLA-A*03:01	LPPPPPLAK	104.5	1755	0.05955	1.225	11.38
LVYQFKDMLK	HLA-A*03:01	LVYQFKDMPK	27.33	39.99	0.6836	0.1652	1.447
MFYAVRWGRK	HLA-A*03:01	MFYAVRRGRK	35.95	41.16	0.8736	0.05868	1.132
MLNTSVPNY	HLA-A*03:01	MLNTSVPND	160	4094	0.03907	1.408	12.13
MLNTSVPNY	HLA-A*03:01	MLNTSVPND	160	4094	0.03907	1.408	12.13
RIALWPLAY	HLA-A*03:01	RIALWSLAY	53.73	60.42	0.8893	0.05097	1.106
RIHTSVKLY	HLA-A*03:01	RIHTGVKLY	485	518.9	0.9347	0.02931	0.9378
RIPRTVGQK	HLA-A*03:01	RIPRTVGQE	287.3	1.724e+04	0.01667	1.778	10.57
RIYGFSFPDPK	HLA-A*03:01	RIYGISFPDPK	13.38	18.78	0.7125	0.1472	1.396
RKSNRVKTCK	HLA-A*03:01	RKSNQVKTCK	996.5	1749	0.5697	0.2443	1.19
RLFPYALHK	HLA-A*03:01	RLLPYALHK	6.161	12.08	0.5102	0.2923	1.954
RLFPYALHKW	HLA-A*03:01	RLLPYALHKW	326.1	639.3	0.5102	0.2923	1.67
RLFSALNSHK	HLA-A*03:01	RLLSALNSHK	13.62	26.69	0.5102	0.2923	1.946
RMFLRFQKK	HLA-A*03:01	RMFLRFQKE	11.91	714.3	0.01667	1.778	50.25
RTGKGQPCNK	HLA-A*03:01	RTGKGQPSNK	121.6	70.08	1.736	-0.2395	0.5654
RTKYDFTWFK	HLA-A*03:01	RTKNDFTWFK	54.29	73.11	0.7425	0.1293	1.321
RTREFTAKK	HLA-A*03:01	RTRESTAKK	72.35	107.4	0.6738	0.1715	1.442
RTREFTAKKIK	HLA-A*03:01	RTRESTAKKIK	464	688.7	0.6738	0.1715	1.251
RVDFSATWYK	HLA-A*03:01	RVDFPATWYK	19.93	16.17	1.233	-0.09086	0.8077
RVLFPGIK	HLA-A*03:01	RVLFPGIE	33.11	1986	0.01667	1.778	38.99
RVWDVSGLRK	HLA-A*03:01	RVWDISGLRK	23	24.86	0.9249	0.03389	1.074
SLHAHGLSYK	HLA-A*03:01	SLHAHGLSYE	8.891	533.3	0.01667	1.778	52.4
SLKTNQTLQLK	HLA-A*03:01	SPKTNQTLQLK	213.6	3587	0.05955	1.225	8.511
SLSNFPQLK	HLA-A*03:01	SLSNSPQLK	44.12	65.47	0.6738	0.1715	1.458
STLFRVVVAK	HLA-A*03:01		47.06				
SVEAFVCHRK	HLA-A*03:01	SVEALVCHRK	331.5	538.9	0.6152	0.211	1.418
SVFTSVRRK	HLA-A*03:01	SVFTSVRQK	53.84	67.01	0.8034	0.09505	1.222
TLFRVVVAK	HLA-A*03:01		31.31				
TLWEQFLEK	HLA-A*03:01	TPWEQFLEK	47.73	801.4	0.05955	1.225	13.79
TSARTENFK	HLA-A*03:01	TSARTENVK	729.1	1913	0.381	0.4191	1.728
VIDAAVLLK	HLA-A*03:01	VIDAAVLLE	79.42	4764	0.01667	1.778	26.17
VLFDRLSK	HLA-A*03:01	VLFDGLSK	15.8	30.51	0.5177	0.2859	1.916
VLFDRLSK	HLA-A*03:01	VLFDGLSK	15.8	30.51	0.5177	0.2859	1.916
YLWAAQAEK	HLA-A*03:01	YLWAAQAEE	168	1.008e+04	0.01667	1.778	16.07
YLYCYGYWKK	HLA-A*03:01	YPYCYGYWKK	28.98	486.6	0.05955	1.225	14.83
FTANPPSQTK	HLA-A*11:01	CTANPPSQTK	82.64	71.72	1.152	-0.06152	0.8514
GAFMRPITLK	HLA-A*11:01	GALMRPITLK	29.41	64.52	0.4558	0.3412	2.156
GSNNLILIY	HLA-A*11:01	GSNNLILIL	334.6	3404	0.09831	1.007	5.289
GVLPNYSEGK	HLA-A*11:01	GVLPNYSEGT	120.5	1.495e+04	0.00806	2.094	24.54
HTDGHSEK	HLA-A*11:01		90.06				
ILIYWNPFHR	HLA-A*11:01		381.1				
KIFLCNARVK	HLA-A*11:01	KIFQCNARVK	138.9	137	1.013	-0.005823	0.9513
KQLYRVFQK	HLA-A*11:01	KELYRVFQK	51.41	545.2	0.0943	1.025	9.238
KTDTGVHATLK	HLA-A*11:01	KTDPGVHATLK	55.77	47.49	1.174	-0.06977	0.8408
LIYWNPFHR	HLA-A*11:01		113.2				
LSSWHTPTLQK	HLA-A*11:01		12.18				
LSVSDSHVYK	HLA-A*11:01	LSVSDRHVYK	66.01	66.01	1	0	0.9824
MLSSHIATK	HLA-A*11:01		79.97				
NLWPVPHGLK	HLA-A*11:01	NLWPVPHGLE	239.7	1.448e+04	0.01655	1.781	12.26
RISASCATR	HLA-A*11:01	RISASSATR	273.6	257.1	1.064	-0.02697	0.8785
RLLRPIYDY	HLA-A*11:01	RRLRPIYDY	1213	1.353e+04	0.08965	1.047	2.389
RSMLFARHLR	HLA-A*11:01	RSMVFARHLR	34.31	35.99	0.9534	0.02072	1.039
SALANPIGK	HLA-A*11:01	SALATPIGK	32.97	32.73	1.007	-0.003165	0.984
SMLFARHLR	HLA-A*11:01	SMVFARHLR	75.68	125.7	0.602	0.2204	1.606
SPLCNFNIIK	HLA-A*11:01	SPLCNFNIIE	148.6	8978	0.01655	1.781	17.59
SQYCRPISTK	HLA-A*11:01	SQYCRPISTQ	26.69	1681	0.01588	1.799	43.26
SSQYCRPISTK	HLA-A*11:01	SSQYCRPISTQ	42.08	2650	0.01588	1.799	36.64
SSWHTPTLQK	HLA-A*11:01		13.17				
SVRCYVPSCLK	HLA-A*11:01	SGRCYVPSCLK	37.67	408.7	0.09217	1.035	9.767
SVSDSHVYK	HLA-A*11:01	SVSDRHVYK	3.142	3.796	0.8278	0.08208	1.207
SVSDSHVYKY	HLA-A*11:01	SVSDRHVYKY	61.41	74.19	0.8278	0.08208	1.184
SVTFNGQVFK	HLA-A*11:01	SVTFNGQVFQ	11.69	736.4	0.01588	1.799	52.5
TDTGVHATLK	HLA-A*11:01	TDPGVHATLK	595.7	979.6	0.6081	0.216	1.299
TQCKWQFVAK	HLA-A*11:01	TQCKWQFGAK	84.38	123.8	0.6814	0.1666	1.42
TVIAVASSMR	HLA-A*11:01	TVRAVASSMR	95.93	511.6	0.1875	0.727	4.683
VIAVASSMR	HLA-A*11:01	VRAVASSMR	570.5	1.129e+04	0.05053	1.296	4.872
VTFNGQVFK	HLA-A*11:01	VTFNGQVFQ	8.342	525.4	0.01588	1.799	55.13
VVGAAGVGK	HLA-A*11:01	VVGTAGVGK	218.1	260.5	0.8372	0.07716	1.116
VVVGAAGVGK	HLA-A*11:01	VVVGTAGVGK	197.9	229.3	0.8631	0.06394	1.091
YSNFISHLAK	HLA-A*11:01	YSNFISHLAN	29.17	5121	0.005696	2.244	73.49
AWLLRKNFF	HLA-A*24:02	AWRLRKNFF	272.1	819.1	0.3322	0.4786	2.463
AWLLRKNFFYF	HLA-A*24:02	AWRLRKNFFYF	33.05	99.47	0.3322	0.4786	2.931
AYGNNCDGI	HLA-A*24:02	AYGNNSDGI	538	500.3	1.075	-0.03153	0.8189
AYQKAPTKQF	HLA-A*24:02	AYQKAPTKEF	130	143.7	0.9049	0.0434	1.064
AYYFMVKVW	HLA-A*24:02	AYDFMVKVW	123.5	279.4	0.4419	0.3547	2.103
EYQDMHSYI	HLA-A*24:02	EHQDMHSYI	200.6	4484	0.04472	1.349	10.09
IYANMFKKF	HLA-A*24:02		24.01				
LDYVENLAKF	HLA-A*24:02	LDDVENLAKF	1924	4354	0.4419	0.3547	1.038
LLYEDVFPVW	HLA-A*24:02	LLYEDVFAVW	627.5	711.8	0.8816	0.05473	0.9508
LYEDVFPVW	HLA-A*24:02	LYEDVFAVW	80.55	91.37	0.8816	0.05473	1.107
LYTNWYLESLF	HLA-A*24:02	LYTNWYLESLL	55.59	268.6	0.2069	0.6842	4.504
MWSVWDPMYVW	HLA-A*24:02	MWSVWDPMSVW	23.12	55.36	0.4176	0.3793	2.359
PWQASLFHL	HLA-A*24:02	PWQAGLFHL	466.6	472.6	0.9874	0.005488	0.8977
PYLPSPCPP	HLA-A*24:02	PYLPPPCPP	4855	6252	0.7766	0.1098	0.4777
QPWQASLFHL	HLA-A*24:02	QPWQAGLFHL	3856	3856	1	0	0.4888
RHSPAPFSKF	HLA-A*24:02	RHSPAPFSKS	247.4	8383	0.02951	1.53	10.35
RMPKLLKSLF	HLA-A*24:02	QMPKLLKSLF	209.5	1036	0.2023	0.694	3.859
RVVSGAYYF	HLA-A*24:02	RVVSGAYDF	322.4	707.5	0.4557	0.3414	1.841
SLFHLTRLF	HLA-A*24:02	GLFHLTRLF	708.2	1047	0.6761	0.17	1.152
SLVPCLPEFF	HLA-A*24:02	SLVPCLPEFS	527.1	1.786e+04	0.02951	1.53	5.798
SQPWQASLF	HLA-A*24:02	SQPWQVSLF	482.4	350.2	1.378	-0.1392	0.6629
SQPWQASLFHL	HLA-A*24:02	SQPWQAGLFHL	1364	1364	1	0	0.7299
VFIQTRGGTF	HLA-A*24:02	GFIQTRGGTF	298.5	533.7	0.5593	0.2523	1.562
VFPVWEVIW	HLA-A*24:02	VFAVWEVIW	155.1	195.4	0.7941	0.1001	1.196
VYCEEYYLF	HLA-A*24:02	VYCEEDYLF	24.71	82.61	0.2991	0.5241	3.27
VYCEEYYLFS	HLA-A*24:02	VYCEEDYLFS	1904	1904	1	0	0.6595
VYPFYRFRLI	HLA-A*24:02	VDPFYRFRLI	28.2	895.5	0.03149	1.502	25.55
VYSLEAEAYAAF	HLA-A*24:02	VSSLEAEAYAAF	73	1625	0.04492	1.348	15.45
YYFMVKVW	HLA-A*24:02	YDFMVKVW	58.77	1866	0.03149	1.502	21.08
ATFEEWFPQR	HLA-A*68:01	ATFEEWFPQG	52.54	1670	0.03145	1.502	21.88
CTFCPPPLPK	HLA-A*68:01	RTFCPPPLPK	30.84	58.58	0.5265	0.2786	1.87
DTIDVSKLNR	HLA-A*68:01	DTIDVSNLNR	7.91	4.854	1.63	-0.2121	0.6128
EAFAASAVGSR	HLA-A*68:01	EAFAASAVGSG	11.06	351.8	0.03145	1.502	29.02
EIIPQCIAR	HLA-A*68:01	KIIPQCIAR	13.18	251	0.05252	1.28	17.83
EMASVLFK	HLA-A*68:01	EVASVLFK	8.829	2.578	3.425	-0.5347	0.2918
EVCAPVIKR	HLA-A*68:01	EVCAPVIER	18.37	13.54	1.357	-0.1325	0.7344
EVVLFHPNYNINR	HLA-A*68:01	EVVLFHPNYNING	5.955	189.3	0.03145	1.502	30.24
EYFRYLYHR	HLA-A*68:01	EYFRDLYHR	17.09	32.76	0.5217	0.2826	1.9
FAASAVGSR	HLA-A*68:01	FAASAVGSG	18.47	587.2	0.03145	1.502	27.43
FISGTFGLK	HLA-A*68:01	SISGTFGLK	23.14	60.36	0.3833	0.4164	2.567
FSAKAGPAR	HLA-A*68:01	FSAKAGPAQ	42.79	1668	0.02565	1.591	26.84
FSAVNSLIQR	HLA-A*68:01	FPAVNSLIQR	13.3	15.08	0.8819	0.05456	1.129
FSNFIFLR	HLA-A*68:01	FSNLIFLR	2.244	8.13	0.276	0.559	3.615
FVFSKYCHR	HLA-A*68:01	FVFSKYRHR	6.831	25.61	0.2667	0.5739	3.723
FVFSKYCHRA	HLA-A*68:01	FVFSKYRHRA	449.9	490.5	0.9172	0.03751	0.9622
FVRLQLTFEK	HLA-A*68:01	FVRLQLTFEE	128.6	1556	0.0827	1.083	8.504
HALDKARTR	HLA-A*68:01	KALDKARTR	394.9	4622	0.08544	1.068	5.193
ITNFYETAMR	HLA-A*68:01	ITNSYETAMR	7.515	12.9	0.5824	0.2347	1.711
MPKMGKTIYK	HLA-A*68:01	MPKMGKTIHK	11.32	40.96	0.2764	0.5585	3.579
MSFQQVQR	HLA-A*68:01	MSFQEVQR	19.21	21.76	0.8829	0.05406	1.126
QFSAKAGPAR	HLA-A*68:01	QFSAKAGPAQ	802.3	3.127e+04	0.02565	1.591	4.111
QQFSAKAGPAR	HLA-A*68:01	QQFSAKAGPAQ	392.6	1.531e+04	0.02565	1.591	7.567
QSIWSRLQK	HLA-A*68:01	QSIWSRLQE	58.89	712	0.0827	1.083	10.13
SAFLQLTAK	HLA-A*68:01	SAFLQLTAE	140.7	1702	0.0827	1.083	8.274
SSAFLQLTAK	HLA-A*68:01	SSAFLQLTAE	44.15	533.8	0.0827	1.083	10.56
SVGHQLFHR	HLA-A*68:01	SVGHQAFHR	211.7	221.6	0.9554	0.01984	0.9874
TILGEFQYFK	HLA-A*68:01	TILGGFQYFK	82.31	39.56	2.08	-0.3182	0.4756
TNFYETAMR	HLA-A*68:01	TNSYETAMR	37.88	103.4	0.3663	0.4361	2.655
YTWEQMGLR	HLA-A*68:01	HTWEQMGLR	18.15	21.28	0.8529	0.0691	1.166
APKVEADESL	HLA-B*07:02	APKVEADGSL	312.2	151.2	2.064	-0.3148	0.4653
ATAAARGPV	HLA-B*07:02	ATAAARGRV	117	698.9	0.1674	0.7764	5.023
CPLQCFQPRL	HLA-B*07:02	CRLQCFQPRL	1443	5e+04	0.02886	1.54	2.38
GPSPSSEAL	HLA-B*07:02	GPSPSSGAL	145.4	70.44	2.064	-0.3148	0.4753
GPVEEVRAL	HLA-B*07:02	GRVEEVRAL	241.7	2.034e+04	0.01188	1.925	12.92
GPVEEVRALL	HLA-B*07:02	GRVEEVRALL	241.1	2.028e+04	0.01188	1.925	12.94
KPANHRGQL	HLA-B*07:02		12.63				
KPMEAVTVAV	HLA-B*07:02	KPKEAVTVAV	8.27	67.32	0.1228	0.9107	7.995
LPGLILYTL	HLA-B*07:02	LPGLILYTF	285.1	745.5	0.3824	0.4175	2.175
RGPVEEVRAL	HLA-B*07:02	RGRVEEVRAL	2731	121.2	22.54	-1.353	0.04296
RGRMQTASL	HLA-B*07:02	RGRRQTASL	33.27	19.6	1.697	-0.2297	0.5862
RPRRVEIVAL	HLA-B*07:02	RPRRVEIAAL	1.667	1	1.667	-0.2219	0.5998
RPTYEEGFL	HLA-B*07:02	RPTDEEGFL	467.6	912.6	0.5124	0.2904	1.564
RPVGGRPGW	HLA-B*07:02	RPGGGRPGW	234	279.4	0.8375	0.07701	1.11
RPVWKLVKV	HLA-B*07:02		151.8				
SPWKDGDEL	HLA-B*07:02	SPWKEGDEL	56.14	94.88	0.5917	0.2279	1.648
TPGTRGPI	HLA-B*07:02	IPGTRGPI	33.56	24.02	1.397	-0.1453	0.7111
VPTLGRGGW	HLA-B*07:02		542				
AIRVRTFRA	HLA-B*08:01	AMRVRTFRA	493.7	265.5	1.859	-0.2694	0.5017
ALKCRVALSL	HLA-B*08:01	ALKCRVALSP	9.718	165	0.05891	1.23	16.25
ALREHFQPQL	HLA-B*08:01		458.4				
ALVNKRNAL	HLA-B*08:01	ALVNKRDAL	174.7	758.3	0.2304	0.6374	3.599
APFSKFSTF	HLA-B*08:01	APFSKSSTF	208.2	564.3	0.3689	0.4331	2.351
DLLLRTAQL	HLA-B*08:01	DLLPRTAQL	234.1	358	0.654	0.1844	1.394
EIRSRNNAL	HLA-B*08:01	EIRSRNDAL	65.05	282.3	0.2305	0.6374	4.031
ELKEKTLNL	HLA-B*08:01	ELEEKTLNL	104.8	598.7	0.175	0.7571	4.917
ELKFYVNHL	HLA-B*08:01	ELKSYVNHL	64.59	67.58	0.9557	0.01969	1.028
EPQRARSLTV	HLA-B*08:01	EPQRARSHTV	1121	1216	0.9222	0.03518	0.8155
EVKEVFQAL	HLA-B*08:01	EVKEVLQAL	401.2	1500	0.2675	0.5727	2.657
FMAIRNSL	HLA-B*08:01	FMALRNSL	5.22	5.929	0.8804	0.05534	1.134
FNSVRKRMSV	HLA-B*08:01	FDSVRKRMSV	147.9	512	0.2889	0.5393	3.04
FPGIKAHPV	HLA-B*08:01	FPGIEAHPV	79.54	416.5	0.191	0.719	4.705
FPRKPRPKL	HLA-B*08:01	FPREPRPKL	301.2	757.1	0.3978	0.4003	2.085
FPYCRAHVL	HLA-B*08:01	FPYCRSHVL	25.95	14.73	1.762	-0.246	0.5652
FRLLRYQPL	HLA-B*08:01	SRLLRYQPL	17.18	27.84	0.6172	0.2096	1.608
HALRRHYHL	HLA-B*08:01	HALRRHYHP	19.3	327.7	0.05891	1.23	15.59
HMKAKLAML	HLA-B*08:01	HMKAKLAVL	101	69.15	1.46	-0.1644	0.6722
ILTTRIHKL	HLA-B*08:01	ILTTRIHEL	453.5	208.5	2.175	-0.3375	0.4351
IVHHRIHTA	HLA-B*08:01	IVHQRIHTA	308	232.5	1.325	-0.1221	0.7102
KLKNKQQQL	HLA-B*08:01	KLKKKQQQL	200	170.6	1.172	-0.06904	0.8153
KPRPKLHHSL	HLA-B*08:01	EPRPKLHHSL	22.11	11.38	1.942	-0.2883	0.5132
LLRKNFFYF	HLA-B*08:01	RLRKNFFYF	144.5	269.8	0.5356	0.2711	1.74
LMKKRDNL	HLA-B*08:01	LMKKRDDL	50.65	30.93	1.638	-0.2142	0.6056
LVNKRNAL	HLA-B*08:01	LVNKKNAL	51.42	206.3	0.2492	0.6034	3.8
MARAIRVRTF	HLA-B*08:01	MARAMRVRTF	164.2	107.1	1.534	-0.1858	0.6335
MIRRRRPTL	HLA-B*08:01	MIRRRRPTP	4.3	72.99	0.05891	1.23	16.65
MKYPRLCIL	HLA-B*08:01	MKYPRICIL	81.48	58.49	1.393	-0.144	0.7066
MLRELSSAF	HLA-B*08:01	TLRELSSAF	104.7	388.7	0.2693	0.5697	3.359
NLFKRLMIV	HLA-B*08:01	NSFKRLMIV	85.72	495.2	0.1731	0.7617	5.093
NPRMKPQM	HLA-B*08:01	NPRMRPQM	62.42	15.56	4.013	-0.6034	0.2482
NSVRKRMSV	HLA-B*08:01	DSVRKRMSV	316.7	1294	0.2448	0.6112	3.024
QLKEHWNHL	HLA-B*08:01	QLKEHWDHL	193.8	840.8	0.2305	0.6374	3.534
QLKMKKLSA	HLA-B*08:01	QLKMKKPSA	19.08	51.54	0.3703	0.4315	2.664
RLKQEKAFSL	HLA-B*08:01	RPKQEKAFSL	197.2	242.4	0.8134	0.08969	1.154
SIRDHPQAL	HLA-B*08:01	SIRDHPEAL	139.7	348.1	0.4013	0.3965	2.277
SKLKNKQQQL	HLA-B*08:01	SKLKKKQQQL	1898	402.7	4.713	-0.6733	0.1913
SLFHLTRL	HLA-B*08:01	GLFHLTRL	2282	7719	0.2956	0.5293	1.094
SPLHRHNVF	HLA-B*08:01	PPLHRHNVF	53	878.2	0.06035	1.219	13.38
VALVNKRNAL	HLA-B*08:01	VALVNKRDAL	819.5	3556	0.2304	0.6374	2.209
VSFVRINSL	HLA-B*08:01	VSFVRINSS	418.4	2455	0.1705	0.7684	3.522
WGKLHVASL	HLA-B*08:01	WGKPHVASL	21.9	33.49	0.654	0.1844	1.515
WLLRKNFF	HLA-B*08:01	WRLRKNFF	83.05	204.7	0.4057	0.3918	2.335
YGYSRVNPM	HLA-B*08:01	YGYRRVNPM	77.97	35.77	2.18	-0.3384	0.4543
YLLLRNLSI	HLA-B*08:01	YFLLRNLSI	21.82	85.23	0.256	0.5917	3.817
YPRYRLEPM	HLA-B*08:01	SPRYRLEPM	19.89	28.48	0.6985	0.1558	1.421
YVKSLSRVM	HLA-B*08:01	DVKSLSRVM	653.2	4032	0.162	0.7904	2.948
HRDRLIGLMM	HLA-B*27:05	HRDRVIGLMM	169.9	483.2	0.3516	0.454	2.515
HRIELDPSKF	HLA-B*27:05	HRIELDPSKV	263.1	885.1	0.2973	0.5269	2.713
KRACCIPGR	HLA-B*27:05	KTACCIPGR	210	2062	0.1019	0.992	6.297
KRACCIPGRR	HLA-B*27:05	KTACCIPGRR	210.8	2069	0.1019	0.992	6.289
KRCPGRFVY	HLA-B*27:05	KGCPGRFVY	419.4	5579	0.07517	1.124	5.294
KRRPSGFFLF	HLA-B*27:05	KRPPSGFFLF	323.9	402.6	0.8045	0.09447	1.121
LRTADWHLY	HLA-B*27:05	LRTADWRLY	171.9	145.1	1.185	-0.07356	0.8122
LRTADWHLYL	HLA-B*27:05	LRTADWRLYL	1108	716.9	1.545	-0.189	0.5418
NRYAVQDFL	HLA-B*27:05	NRDAVQDFL	897.5	5604	0.1602	0.7954	2.478
NRYAVQDFLH	HLA-B*27:05	NRDAVQDFLH	490.1	3060	0.1602	0.7954	3.412
RRHIEIRDK	HLA-B*27:05	RRHIEIRDQ	715.2	5479	0.1305	0.8843	3.082
RRPSGFFL	HLA-B*27:05	RPPSGFFL	146.7	3649	0.04019	1.396	12.5
RRPSGFFLF	HLA-B*27:05	RPPSGFFLF	142	3534	0.04019	1.396	12.7
RRQSMTVKR	HLA-B*27:05	RRQSMTVKK	114.1	69.32	1.646	-0.2165	0.5963
RRQSMTVKRE	HLA-B*27:05		1682				
RRSMLFAR	HLA-B*27:05	RRSMVFAR	10.31	38.02	0.2712	0.5667	3.65
RRSMLFARH	HLA-B*27:05	RRSMVFARH	57.09	162.4	0.3516	0.454	2.724
RRSMLFARHL	HLA-B*27:05	RRSMVFARHL	7.584	21.57	0.3516	0.454	2.828
RRSMLFARHLR	HLA-B*27:05	RRSMVFARHLR	6.318	17.97	0.3516	0.454	2.83
SQNQHENDI	HLA-B*27:05	NQNQHENDI	3.584e+04	1.5e+04	2.389	-0.3782	0.08259
SRMGQTVIAV	HLA-B*27:05	SRMGQTVRAV	144	88.2	1.633	-0.213	0.598
YRHVHLRSF	HLA-B*27:05	YRHVPLRSF	45.23	142.2	0.3181	0.4974	3.027
ADTSEARPFW	HLA-B*44:02	ADTSEARPFR	564.2	5e+04	0.01128	1.948	6.086
AEATRHFSGPVW	HLA-B*44:02	AEATRHVSGPVW	29.44	29.44	1	0	0.9921
AELEEVSSY	HLA-B*44:02	AELEEVSSH	66.42	757.5	0.08768	1.057	9.461
AELLAKQLY	HLA-B*44:02	AELLAKELY	69.79	146	0.478	0.3206	2.012
AEQQGACPGL	HLA-B*44:02	AEQRGACPGL	232.7	457.3	0.5088	0.2934	1.748
AEVSVLYTV	HLA-B*44:02	AGVSVLYTV	215.6	7640	0.02822	1.549	11.53
AEYQDMHSY	HLA-B*44:02	AEHQDMHSY	65.69	72.19	0.91	0.04095	1.078
EAIYETYTW	HLA-B*44:02	EAIYETHTW	827	1114	0.7424	0.1294	1.034
EDNKHAPSSW	HLA-B*44:02		1128				
EEFLDPSRPY	HLA-B*44:02	EKFLDPSRPY	297.9	1.353e+04	0.02201	1.657	9.728
EENSTGSLY	HLA-B*44:02	EGNSTGSLY	178.4	6323	0.02822	1.549	13.05
EEQCLQWDL	HLA-B*44:02	EEQCRQWDL	302.4	738.4	0.4095	0.3878	2.035
EEQCLQWDLY	HLA-B*44:02	EEQCRQWDLY	48.2	117.7	0.4095	0.3878	2.367
EEQEPVQQL	HLA-B*44:02	GEQEPVQQL	629.3	619.7	1.015	-0.006658	0.8431
EESSNNLTKF	HLA-B*44:02	EESSNNLTQF	450.5	251.6	1.79	-0.253	0.5228
EEVKEVFQAL	HLA-B*44:02	EEVKEVLQAL	1867	2929	0.6374	0.1956	0.8743
EEYYLFSGF	HLA-B*44:02	EEDYLFSGF	29.15	139.8	0.2084	0.681	4.622
GEEVLLHAF	HLA-B*44:02	GEEMLLHAF	82.91	47.78	1.735	-0.2393	0.5689
GEIFAQRVSW	HLA-B*44:02	GETFAQRVSW	50.11	107.6	0.4656	0.332	2.087
GENGQNLVKW	HLA-B*44:02	GENGQNLVEW	106.7	59.36	1.797	-0.2546	0.5476
GEQPFISGTF	HLA-B*44:02	GEQPSISGTF	51.39	110.2	0.4663	0.3313	2.082
HEACNCGNTV	HLA-B*44:02	HEACNYGNTV	1856	1856	1	0	0.6652
IENIWSPEG	HLA-B*44:02	IENIRSPEG	1078	2193	0.4915	0.3085	1.276
IENRYAVQDF	HLA-B*44:02	IENRDAVQDF	548.7	1340	0.4094	0.3878	1.791
KEEVKEVFQA	HLA-B*44:02	KEEVKEVLQA	1.104e+04	8014	1.378	-0.1393	0.2286
KEIIPQCI	HLA-B*44:02	KKIIPQCI	433.2	1.968e+04	0.02201	1.657	7.168
KEIIPQCIA	HLA-B*44:02	KKIIPQCIA	4141	5e+04	0.08283	1.082	0.8291
LETLQSVRQCF	HLA-B*44:02	LETLQSVRPCF	1292	1526	0.8466	0.07234	0.8355
MEEFLDPSRPY	HLA-B*44:02	MEKFLDPSRPY	118.7	170.4	0.6967	0.157	1.372
MENIEVYNEF	HLA-B*44:02	MENIEVYHEF	53.03	25.41	2.087	-0.3195	0.4759
MESARKAWENF	HLA-B*44:02	MESARKAWENS	164.1	3443	0.04766	1.322	10.85
PEARNAILTQW	HLA-B*44:02	PGARNAILTQW	569.1	2.017e+04	0.02822	1.549	5.477
QEAWTAAAM	HLA-B*44:02	PEAWTAAAM	101.2	1159	0.08733	1.059	8.712
QEAWTAAAMY	HLA-B*44:02	PEAWTAAAMY	108.8	1246	0.08733	1.059	8.558
REEQCLQW	HLA-B*44:02	REEQCRQW	30.38	47.55	0.6389	0.1946	1.545
REEQCLQWDL	HLA-B*44:02	REEQCRQWDL	1444	1444	1	0	0.7185
REMLKRQERF	HLA-B*44:02	REMLKRQERL	298.8	2145	0.1393	0.8561	4.539
RENGKQQW	HLA-B*44:02	RENGKQQR	127.9	1.587e+04	0.008063	2.093	23.38
REYLYVYKI	HLA-B*44:02	REYLYVYKN	259.8	4825	0.05384	1.269	8.045
SEGKLPYSY	HLA-B*44:02	SEGTLPYSY	163	92.38	1.765	-0.2467	0.5528
SERVLTEIF	HLA-B*44:02	SERVLTEIS	186.7	3917	0.04766	1.322	10.17
SESSTIQEV	HLA-B*44:02	SGSSTIQEV	1189	4.214e+04	0.02822	1.549	2.851
SEVAVSVLSA	HLA-B*44:02	SEVAVSVLNA	318.4	472.7	0.6736	0.1716	1.316
VEHINISQDW	HLA-B*44:02	VEQINISQDW	113.4	134.8	0.8415	0.07493	1.146
VEKSELWMY	HLA-B*44:02	VEKSELWVY	1159	1090	1.063	-0.02652	0.726
YEDVFPVW	HLA-B*44:02	YEDVFAVW	144.5	86.96	1.661	-0.2205	0.588
GSARALSLW	HLA-B*57:01	GPARALSLW	85.08	645.8	0.1318	0.8802	6.459
IIVRNATFTW	HLA-B*57:01	ITVRNATFTW	72.1	9.592	7.516	-0.876	0.1327
IVRNATFTW	HLA-B*57:01	TVRNATFTW	53.67	122.1	0.4396	0.357	2.202
KSFKEIKLW	HLA-B*57:01	KSFKKIKLW	14.97	24.31	0.6158	0.2105	1.613
KTLGIKLSF	HLA-B*57:01	KTLGIKLPF	31.41	59.18	0.5308	0.2751	1.854
LSLAGSDCFW	HLA-B*57:01	LSLAVSDCFW	49.7	26.65	1.865	-0.2706	0.5325
RTDKVRALW	HLA-B*57:01	RTDKVRALR	46.53	1278	0.0364	1.439	20.4
FSDQAEVSVL	HLA-C*05:01	FSDQAGVSVL	12.39	12.39	1	0	0.9967
FTSMSAVEF	HLA-C*05:01	VTSMSAVEF	91.49	121	0.7559	0.1215	1.281
KTDTGVHATL	HLA-C*05:01	KTDPGVHATL	5.93	10.3	0.5757	0.2398	1.732
LSRMGQTVI	HLA-C*05:01	LSRMGQTVR	415.4	3621	0.1147	0.9403	4.397
TADWHLYLF	HLA-C*05:01	TADWRLYLF	42.17	153.3	0.2751	0.5605	3.49
VQDPNDRLL	HLA-C*05:01	VQDPNDRRL	39.69	80.12	0.4953	0.3051	1.976
VSDSHVYKY	HLA-C*05:01	VSDRHVYKY	179.8	449.2	0.4003	0.3976	2.227
LRMNQSQFI	HLA-C*06:02	PRMNQSQFI	39.53	134.3	0.2944	0.5311	3.277
LRMNQSQFIQ	HLA-C*06:02	PRMNQSQFIQ	1282	4356	0.2944	0.5311	1.557
VRINTARPV	HLA-C*06:02	VRINTARPG	63.48	65.1	0.975	0.01099	1.008
VRRKSRRRM	HLA-C*06:02	VRRKSRRRS	26.24	170	0.1544	0.8114	6.191
